{"timestamp":1765741836,"btc":4.2e-7,"ltc":0.00109506,"doge":4.43947846}