{"timestamp":1765863773,"btc":4.2e-7,"ltc":0.00109649,"doge":4.98776555}